INSERT INTO usuarios (nome, email, senha, celular, cpf, criando_em) VALUES
('Breno Garcia', 'alexia96@example.net', 'td2Zp35g4!', '(084) 8081-6924', '817.432.695-28', NOW()),
('Liam Barbosa', 'aragaomaite@example.net', ')bB2qDFCh1', '+55 31 6638-5493', '062.791.835-21', NOW()),
('Brayan Ferreira', 'dsousa@example.com', 'noR9bDVpM(', '71 7271 5411', '563.871.204-62', NOW()),
('Arthur Miguel Montenegro', 'luiz-otaviofreitas@example.net', '%I5ypQxOpw', '+55 11 9593 1624', '508.142.937-60', NOW()),
('Caua Pastor', 'ana-ceciliafarias@example.org', 'GDk12WCa_J', '0500-051-8206', '706.459.182-02', NOW()),
('Sophia Albuquerque', 'apollofonseca@example.net', 'D^5k88wpiF', '(031) 6016-5695', '745.126.389-46', NOW()),
('Stella Nascimento', 'henry-gabrielmonteiro@example.org', 'p7_D@5Qb_V', '+55 (081) 2803 7473', '526.431.780-17', NOW()),
('Joao Guilherme Monteiro', 'rhavialmeida@example.com', 'm^U#zHEN$1', '(084) 7065 8106', '492.018.753-04', NOW()),
('Sr. Gustavo Henrique Sales', 'isabel82@example.com', '(NRa1U]m(h', '(051) 9384-9974', '038.674.295-29', NOW()),
('Thales Albuquerque', 'natalia13@example.com', '&+7qDk7F(H', '0800-510-2185', '408.653.792-38', NOW()),
('Giovanna Rios', 'fernanda53@example.org', ')5IGo%Inww', '(051) 8464-9861', '842.367.905-56', NOW()),
('Valentina Barbosa', 'camaraalexia@example.org', 'C#47Nurq%!', '51 5832 3509', '318.427.965-00', NOW()),
('Valentim Brito', 'maya68@example.net', 'I2ulZzS@x', '0500 135 3507', '379.615.208-21', NOW()),
('Diogo Ribeiro', 'abreusamuel@example.org', 'cw4Pqvgi(8', '(081) 6698-2752', '629.083.751-68', NOW()),
('Arthur da Cunha', 'portobruna@example.net', '2e]HFMp^@3', '(041) 5259-7462', '052.846.391-89', NOW()),
('Davi Lucas Araujo', 'eloah29@example.com', '%k+6VOZ@10', '84 6615 4842', '357.096.824-38', NOW()),
('Diogo Vargas', 'bernardo68@example.org', 's@5LaqWu6Q', '0300-406-2820', '387.496.152-46', NOW()),
('Maria Helena Viana', 'maria-alice77@example.net', 'd7Yus(Xy!h', '0500 180 9778', '015.938.762-03', NOW()),
('Levi Moreira', 'calebcampos@example.com', 'b)3(QjeTmU', '+55 (021) 1134 0001', '468.375.192-55', NOW()),
('Helena Gomes', 'fviana@example.net', 'H$2Ux)h2xC', '61 9167-0558', '830.196.745-57', NOW()),
('Kevin Montenegro', 'mendeslorena@example.org', 'OXUjclcy(5', '41 8904 2994', '427.953.061-07', NOW()),
('Luna Pastor', 'ceciliacarvalho@example.org', '4_R371Wgq&', '(031) 1965-6865', '184.692.730-78', NOW()),
('Dra. Lavinia das Neves', 'oda-mota@example.org', 'c^5Qf26_8N', '+55 (031) 4800 3477', '203.451.876-44', NOW()),
('Pietra Caldeira', 'marcela81@example.net', '8meScbSs&4', '0500-330-3930', '049.527.631-61', NOW()),
('Miguel da Cunha', 'vasconceloscarolineg@example.org', '*^3Mona*n$d', '+55 11 6129 8519', '572.190.483-60', NOW()),
('Lucas Gabriel Leao', 'ypacheco@example.org', '*f4^YclIih', '0800 150 6655', '136.204.798-87', NOW()),
('Yasmin da Mata', 'cunhajoana@example.org', '035Cubt1x!', '(011) 9674 5124', '603.927.548-00', NOW()),
('Lais Lima', 'pimentabrenda@example.com', '@uNqyWQ634', '51 2097 9712', '480.791.653-00', NOW()),
('Davi Luiz Borges', 'alanaaparecida@example.org', '*^k3H6%bN9%', '+55 41 6994-2949', '406.519.783-00', NOW()),
('Leandro Almeida', 'beniciomendes@example.net', 'D#BOUzATDh', '84 1893-8870', '076.432.851-44', NOW());

INSERT INTO enderecos (id, cliente_id, rua, numero, bairro, cidade, estado, cep) VALUES
(1, 1, 'Colonia Rodrigo Mendes', '6774', 'Embaubas', 'Ferreira', 'SC', '18944-467'),
(2, 2, 'Campo Costa', '8986', 'Jardim Alvorada', 'da Conceicão', 'PI', '23171-310'),
(3, 3, 'Recanto Maria Luisa Marques', '2645', 'Eymard', 'Rocha', 'AP', '70493-924'),
(4, 4, 'Rodovia de Casa Grande', '573', 'Distrito Industrial Do Jatoba', 'Almeida', 'RO', '71542-894'),
(5, 5, 'Alameda Viana', '1251', 'Mangueiras', 'da Cruz', 'PI', '70803-966'),
(6, 6, 'Passarela da Conceicao', '4842', 'Vila Boa Vista', 'Cunha dos Dourados', 'TO', '49770-926'),
(7, 7, 'Rua Gomes', '5214', 'Novo Ouro Preto', 'Araujo', 'DF', '10827-869'),
(8, 8, 'Quadra de Silveira', '4420', 'Sao Marcos', 'Siqueira', 'SP', '90132-551'),
(9, 9, 'Condominio Castro', '3400', 'Minas Brasil', 'Moura', 'PB', '81642-931'),
(10, 10, 'Recanto Araujo', '9068', 'Santa Margarida', 'Ramos', 'SC', '90055-545'),
(11, 11, 'Aeroporto Asafe Marques', '8622', 'Jardim Alvorada', 'Cavalcante de Rezende', 'AL', '40545-901'),
(12, 12, 'Recanto de Pimenta', '7841', 'Marieta 1ª Secao', 'da Costa', 'AM', '39302-845'),
(13, 13, 'Condominio Davi Lucca Camargo', '9520', 'Ademar Maldonado', 'Silva das Flores', 'PI', '31007-405'),
(14, 14, 'Distrito Caldeira', '1461', 'Vila Independencia 2ª Secao', 'Barbosa', 'MT', '35653-821'),
(15, 15, 'Residencial Dias', '8818', 'Vale Do Jatoba', 'Souza', 'SE', '23141-922'),
(16, 16, 'Ladeira de da Cunha', '663', 'Jardim Do Vale', 'Camargo', 'GO', '70202-922'),
(17, 17, 'Vale Anthony Gabriel Fonseca', '3442', 'Joao Paulo II', 'Garcia dos Dourados', 'PA', '33112-332'),
(18, 18, 'Setor de Melo', '6598', 'Alto Dos Pinheiros', 'Porto de Goias', 'ES', '69153-076'),
(19, 19, 'Fazenda Silva', '2485', 'Sao Damiao', 'Borges', 'RO', '72931-233'),
(20, 20, 'Estacao Diogo Farias', '8081', 'Aguas Claras', 'Camara', 'AP', '34107-701'),
(21, 21, 'Morro de Campos', '8038', 'Vila Cloris', 'Camargo', 'RN', '25134-058'),
(22, 22, 'Largo Davi Barros', '51', 'Etelvina Carneiro', 'Costela', 'SE', '42269-092'),
(23, 23, 'Vila de Pacheco', '9854', 'Sao Lucas', 'Rodrigues', 'MT', '44976-500'),
(24, 24, 'Passarela Oliveira', '9669', 'Vila Antena', 'Barbosa', 'PI', '68681-824'),
(25, 25, 'Chacara de da Mota', '1327', 'Sao Gabriel', 'Cirino Grande', 'AM', '48510-279'),
(26, 26, 'Travessa Jose Miguel Melo', '439', 'Estrela', 'Moreira das Flores', 'MA', '04000-888'),
(27, 27, 'Aeroporto de Teixeira', '3971', 'Acaiaca', 'Teixeira', 'PB', '25973-800'),
(28, 28, 'Alameda de Farias', '4596', 'Sao Bento', 'Fogaca', 'PI', '60487-206'),
(29, 29, 'Estacao da Costa', '9950', 'Vila Paraiso', 'Sa', 'BA', '83837-225'),
(30, 30, 'Morro Ayla Sales', '1627', 'Cidade Jardim', 'Cassiano Paulista', 'RO', '90962-671');

INSERT INTO categorias (id, nome, descricao) VALUES
(1, 'Roupas', 'Categoria de roupas'),
(2, 'Esportes', 'Categoria de esportes'),
(3, 'Livros', 'Categoria de livros'),
(4, 'Roupas', 'Categoria de roupas'),
(5, 'Roupas', 'Categoria de roupas'),
(6, 'Roupas', 'Categoria de roupas'),
(7, 'Livros', 'Categoria de livros'),
(8, 'Roupas', 'Categoria de roupas'),
(9, 'Esportes', 'Categoria de esportes'),
(10, 'Roupas', 'Categoria de roupas'),
(11, 'Roupas', 'Categoria de roupas'),
(12, 'Eletronicos', 'Categoria de eletronicos'),
(13, 'Eletronicos', 'Categoria de eletronicos'),
(14, 'Eletronicos', 'Categoria de eletronicos'),
(15, 'Livros', 'Categoria de livros'),
(16, 'Eletronicos', 'Categoria de eletronicos'),
(17, 'Livros', 'Categoria de livros'),
(18, 'Eletronicos', 'Categoria de eletronicos'),
(19, 'Eletronicos', 'Categoria de eletronicos'),
(20, 'Eletronicos', 'Categoria de eletronicos'),
(21, 'Esportes', 'Categoria de esportes'),
(22, 'Eletronicos', 'Categoria de eletronicos'),
(23, 'Eletronicos', 'Categoria de eletrônicos'),
(24, 'Eletronicos', 'Categoria de eletronicos'),
(25, 'Brinquedos', 'Categoria de brinquedos'),
(26, 'Eletronicos', 'Categoria de eletronicos'),
(27, 'Roupas', 'Categoria de roupas'),
(28, 'Brinquedos', 'Categoria de brinquedos'),
(29, 'Livros', 'Categoria de livros'),
(30, 'Esportes', 'Categoria de esportes');

-- INSERÇÃO ÚNICA PARA TODOS OS PRODUTOS
INSERT INTO produtos (nome, descricao, preco, estoque, categoria_id) VALUES
('Blanditiis', 'Earum consectetur ut adipisci.', 291.33, 62, 3),
('Culpa', 'Iure asperiores cupiditate et maiores possimus.', 813.1, 30, 4),
('Ipsum', 'Recusandae vel saepe doloribus et.', 734.41, 80, 3),
('Cum', 'Nostrum incidunt maiores.', 715.79, 15, 5),
('Vel', 'Placeat veniam enim.', 628.13, 58, 5),
('Recusandae', 'Deleniti distinctio neque sit assumenda dolore natus sit.', 370.25, 45, 1),
('Asperiores', 'Dolor modi omnis maiores alias.', 226.26, 7, 4),
('Ipsam', 'Cumque assumenda excepturi at.', 837.26, 27, 4),
('Vero', 'Adipisci sequi laboriosam nostrum recusandae ipsum ducimus pariatur.', 989.6, 3, 2),
('Aliquam', 'Id fugit nam nulla animi occaecati.', 30.71, 7, 3),
('Sequi', 'Corrupti itaque labore necessitatibus maxime id.', 430.21, 77, 3),
('Consequatur', 'Dicta alias ipsa hic numquam.', 262.96, 57, 4),
('Error', 'Tempora harum sunt veniam pariatur ut quaerat.', 409.99, 89, 5),
('Dignissimos', 'Reprehenderit aliquid dignissimos eos debitis provident corrupti.', 240.34, 2, 2),
('Cumque', 'Saepe dolor nobis assumenda officia.', 35.03, 71, 1),
('In', 'Occaecati suscipit eum id assumenda nemo.', 261.35, 21, 4),
('Doloremque', 'Error dolore maxime distinctio minus optio.', 415.93, 70, 2),
('Dolorem', 'Numquam error placeat repellendus reiciendis nam odio.', 107.83, 70, 4),
('Corrupti', 'Atque itaque ipsa totam consectetur alias.', 402.05, 49, 4),
('Natus', 'Molestias optio libero quae nostrum cum eveniet.', 836.2, 51, 4),
('Doloremque', 'Excepturi ullam assumenda eaque.', 856.47, 75, 1),
('Distinctio', 'Exercitationem consequuntur incidunt deserunt voluptatibus quasi provident.', 37.15, 88, 5),
('Eligendi', 'Amet asperiores inventore adipisci.', 667.17, 43, 2),
('Facere', 'Maxime commodi ad nam tenetur nobis.', 305.24, 78, 4),
('Laborum', 'Saepe accusamus repellendus eligendi ullam deleniti minima.', 289.29, 19, 1),
('Ab', 'Nostrum vel harum eius sed.', 384.87, 33, 2),
('Occaecati', 'Corrupti expedita ea minima.', 951.24, 63, 4),
('Dolorum', 'Ducimus eos vitae debitis iusto possimus nesciunt architecto.', 800.57, 61, 5),
('Provident', 'Quam eaque error modi dolores expedita totam.', 465.19, 0, 5),
('Ratione', 'Fuga illum fugiat nisi optio veniam soluta.', 65.21, 27, 4);

-- INSERÇÃO ÚNICA PARA TODOS OS PEDIDOS
INSERT INTO pedidos (id, cliente_id, data_pedido, status, total) VALUES
(1, 11, NOW(), 'Cancelado', 905.56),
(2, 10, NOW(), 'Cancelado', 598.73),
(3, 10, NOW(), 'Pago', 886.63),
(4, 2, NOW(), 'Enviado', 1035.27),
(5, 25, NOW(), 'Enviado', 277.5),
(6, 5, NOW(), 'Pago', 382.46),
(7, 14, NOW(), 'Pago', 1920.37),
(8, 16, NOW(), 'Enviado', 1434.43),
(9, 5, NOW(), 'Cancelado', 496.18),
(10, 29, NOW(), 'Enviado', 446.04),
(11, 3, NOW(), 'Pendente', 1753.79),
(12, 5, NOW(), 'Enviado', 1660.6),
(13, 19, NOW(), 'Pago', 1368.96),
(14, 30, NOW(), 'Cancelado', 1617.92),
(15, 15, NOW(), 'Cancelado', 264.76),
(16, 23, NOW(), 'Enviado', 1837.31),
(17, 17, NOW(), 'Pendente', 1349.9),
(18, 28, NOW(), 'Pendente', 428.79),
(19, 2, NOW(), 'Pago', 1355.04),
(20, 14, NOW(), 'Pendente', 516.55),
(21, 8, NOW(), 'Pago', 1505.22),
(22, 17, NOW(), 'Enviado', 180.61),
(23, 24, NOW(), 'Enviado', 1046.39),
(24, 10, NOW(), 'Enviado', 1975.38),
(25, 12, NOW(), 'Cancelado', 542.86),
(26, 6, NOW(), 'Enviado', 496.28),
(27, 25, NOW(), 'Enviado', 1806.96),
(28, 13, NOW(), 'Pendente', 1663.17),
(29, 11, NOW(), 'Enviado', 945.72),
(30, 28, NOW(), 'Pendente', 1646.93);

-- INSERÇÃO ÚNICA PARA TODOS OS ITENS_PEDIDO
INSERT INTO itens_pedido (id, pedido_id, produto_id, quantidade, preco_unitario) VALUES
(1, 1, 7, 3, 12.97),
(2, 2, 26, 1, 321.53),
(3, 3, 18, 5, 186.05),
(4, 4, 24, 5, 345.67),
(5, 5, 15, 2, 477.32),
(6, 6, 14, 1, 63.44),
(7, 7, 20, 3, 302.83),
(8, 8, 21, 1, 174.41),
(9, 9, 1, 1, 330.07),
(10, 10, 29, 1, 189.62),
(11, 11, 12, 2, 375.75),
(12, 12, 12, 2, 69.62),
(13, 13, 16, 3, 377.08),
(14, 14, 15, 3, 269.4),
(15, 15, 18, 1, 428.92),
(16, 16, 4, 3, 98.72),
(17, 17, 3, 1, 353.02),
(18, 18, 21, 5, 123.72),
(19, 19, 14, 2, 404.81),
(20, 20, 4, 1, 143.73),
(21, 21, 22, 1, 424.38),
(22, 22, 2, 2, 132.86),
(23, 23, 28, 4, 131.85),
(24, 24, 15, 2, 328.23),
(25, 25, 8, 1, 127.88),
(26, 26, 27, 2, 71.17),
(27, 27, 22, 4, 438.16),
(28, 28, 19, 3, 10.52),
(29, 29, 21, 1, 61.99),
(30, 30, 5, 4, 422.43);
